IPC,Dup_Count,Project_ID,School_Name,Project_Name,Division,Region
INF-01-2016-05345,4,1108302,West Prosperidad Nhs,CONSTRUCTION OF UNIQUE WORKSHOP (7X22.5) AT WEST PROSPERIDAD NHS,AGUSAN DEL SUR,CARAGA
INF-01-2016-05345,4,1108301,West Prosperidad Nhs,CONSTRUCTION OF UNIQUE WORKSHOP (7X22.5) AT WEST PROSPERIDAD NHS,AGUSAN DEL SUR,CARAGA
INF-01-2016-05345,4,1108300,West Prosperidad Nhs,CONSTRUCTION OF UNIQUE WORKSHOP (7X22.5) AT WEST PROSPERIDAD NHS,AGUSAN DEL SUR,CARAGA
INF-01-2016-05345,4,1107867,West Prosperidad Nhs,,AGUSAN DEL SUR,CARAGA
INF-01-2024-00613,2,1098093,Calayaan Integrated School,1STY2CL,TARLAC,Region III
INF-01-2024-00613,2,1055441,San Agustin Kanluran ES,1STY2CL,BATANGAS CITY,REGION IV-A
INF-01-2024-01598,2,1100253,Bagbaguin ES,4STY12CL,MEYCAUAYAN CITY,REGION III
INF-01-2024-01598,2,1097478,Tocao - Madidis National High School,1STY8CL,MAGUINDANAO I,BARMM
INF-01-2024-01607,2,1104597,Pasong Tamo ES,4STY8CL,QUEZON CITY,NCR
INF-01-2024-01607,2,1097249,Amai Pakpak CES,3STY12CL,MARAWI CITY,BARMM
INF-01-2024-01677,11,1108269,Salug Nhs,CONSTRUCTION OF 1STY2CL AT SALUG NHS,AGUSAN DEL SUR,CARAGA
INF-01-2024-01677,11,1108260,Salug Nhs,CONSTRUCTION OF 1STY2CL AT SALUG NHS,AGUSAN DEL SUR,CARAGA
INF-01-2024-01677,11,1108259,Salug Nhs,CONSTRUCTION OF 1STY2CL AT SALUG NHS,AGUSAN DEL SUR,CARAGA
INF-01-2024-01677,11,1108258,Salug Nhs,CONSTRUCTION OF 1STY2CL AT SALUG NHS,AGUSAN DEL SUR,CARAGA
INF-01-2024-01677,11,1108257,Salug Nhs,CONSTRUCTION OF 1STY2CL AT SALUG NHS,AGUSAN DEL SUR,CARAGA
INF-01-2024-01677,11,1108256,Salug Nhs,CONSTRUCTION OF 1STY2CL AT SALUG NHS,AGUSAN DEL SUR,CARAGA
INF-01-2024-01677,11,1108255,Salug Nhs,CONSTRUCTION OF 1STY2CL AT SALUG NHS,AGUSAN DEL SUR,CARAGA
INF-01-2024-01677,11,1108254,Salug Nhs,CONSTRUCTION OF 1STY2CL AT SALUG NHS,AGUSAN DEL SUR,CARAGA
INF-01-2024-01677,11,1108253,Salug Nhs,CONSTRUCTION OF 1STY2CL AT SALUG NHS,AGUSAN DEL SUR,CARAGA
INF-01-2024-01677,11,1108252,Salug Nhs,CONSTRUCTION OF 1STY2CL AT SALUG NHS,AGUSAN DEL SUR,CARAGA
INF-01-2024-01677,11,1107875,Salug Nhs,,AGUSAN DEL SUR,CARAGA
INF-01-2024-01745,2,1100378,Olongapo City ES,4STY12CL,OLONGAPO CITY,REGION III
INF-01-2024-01745,2,1097621,Amaga Elementary School,1STY3CL,SURIGAO DEL SUR,CARAGA
INF-01-2024-01782,2,1103441,Mandangoa ES,2STY8CL,MISAMIS ORIENTAL,REGION X
INF-01-2024-01782,2,1097660,San Roque National High School,3STY6CL,MARIKINA CITY,NCR
INF-01-2024-01822,2,1104667,Apolonia F. Rafael Elementary School,3STY12CL - Phase 1 of 4STY16CL,VALENZUELA CITY,NCR
INF-01-2024-01822,2,1097700,Dr. A. Sian ES,1STY2CL,BAGO CITY,NIR
INF-01-2024-01826,2,1105513,Bauan Technical Integrated High School,4STY20CL,BATANGAS,REGION IV-A
INF-01-2024-01826,2,1097703,Angas 1 Elementary School,1STY2CL with CR,CANLAON CITY,NIR
INF-01-2024-01830,2,1105747,LOOC NATIONAL HIGH SCHOOL,4STY20CL,ROMBLON,REGION IV-B
INF-01-2024-01830,2,1097707,Magsaysay National High School,1STY2CL,ESCALANTE CITY,NIR
INF-01-2024-01880,2,1103351,Lurugan Elementary School,2STY6CL,VALENCIA CITY,REGION X
INF-01-2024-01880,2,1097757,Pangapisan Integrated School,Construction of School Building,ALAMINOS CITY,Region I
INF-01-2025-00763,2,1108187,Bulahan IS,Construction of  1STY2CL and  1STY3CL,MISAMIS ORIENTAL,REGION X
INF-01-2025-00763,2,1099129,KALLIAT INTEGRATED SCHOOL,Construction of School Building,APAYAO,CAR
INF-01-2025-00816,2,1100107,Victoria Elementary School,Construction of 1STY2CL,ISABELA,REGION II
INF-01-2025-00816,2,1099180,San Roque National High School,Construction of School Building,MARIKINA CITY,NCR
INF-01-2025-00823,2,1104726,Cabanuangan PS,Construction of 1STY2CL,AURORA,REGION III
INF-01-2025-00823,2,1099187,Sta. Lucia High School,Construction of School Building (Phase 2),PASIG CITY,NCR
INF-01-2025-00824,2,1108247,Calaocan IS,Construction of 1STY2CL,AURORA,REGION III
INF-01-2025-00824,2,1099188,Sinag-Tala ES,Construction of 3STY3CL,QUEZON CITY,NCR
INF-01-2025-00825,2,1100223,Kalapnit ES,Construction of 1STY2CL,AURORA,REGION III
INF-01-2025-00825,2,1099189,Sto. Cristo ES,Construction of School Building,QUEZON CITY,NCR
INF-01-2025-00836,2,1101457,Taboc ES,Construction of 1STY2CL,ANTIQUE,REGION VI
INF-01-2025-00836,2,1099200,Progreso Village National High School,Construction of School Building,BACOLOD CITY,NIR
INF-01-2025-00838,2,1108248,Lublub Integrated School,Construction of 1STY2CL,ANTIQUE,REGION VI
INF-01-2025-00838,2,1099202,Dr. Vicente F. Gustilo Memorial NHS,Construction of School Building,CADIZ CITY,NIR
INF-01-2025-00866,2,1100148,Luna CS,Construction of 1STY3CL,ISABELA,REGION II
INF-01-2025-00866,2,1099230,Candon South Central School,Construction of School Building,CANDON CITY,Region I
INF-01-2025-00867,2,1100200,Sta. Rosa ES,Construction of 1STY3CL,SANTIAGO CITY,REGION II
INF-01-2025-00867,2,1099231,East Central Integrated School,Construction of School Building,DAGUPAN CITY,Region I
INF-01-2025-00889,2,1100190,Abra ES,Construction of 1STY3CL with Toilet,SANTIAGO CITY,REGION II
INF-01-2025-00889,2,1099249,Ag-agrao NHS,Construction of School Building,ILOCOS SUR,Region I
INF-01-2025-00890,2,1100186,Malini ES,Construction of 1STY3CL with Toilet,SANTIAGO CITY,REGION II
INF-01-2025-00890,2,1099250,Castor Z. Concepcion MNHS,Construction of School Building,LA UNION,Region I
INF-01-2025-00891,2,1100189,Sagana Elementary School,Construction of 1STY3CL with Toilet,SANTIAGO CITY,REGION II
INF-01-2025-00891,2,1099251,Cadapli Elementary School,Construction of School Building,LA UNION,Region I
INF-01-2025-00892,2,1108192,Salvador IS,Construction of 1STY3CL with Toilet,SANTIAGO CITY,REGION II
INF-01-2025-00892,2,1099252,Mindoro Integrated School,Construction of School Building,LA UNION,Region I
INF-01-2025-00893,2,1100193,San Isidro ES,Construction of 1STY3CL with Toilet,SANTIAGO CITY,REGION II
INF-01-2025-00893,2,1099253,Bungro-Sucoc Integrated School,Construction of School Building,LA UNION,Region I
INF-01-2025-00894,2,1100195,Villa Gonzaga ES,Construction of 1STY3CL with Toilet,SANTIAGO CITY,REGION II
INF-01-2025-00894,2,1099254,Cantoria CS,Construction of School Building,LA UNION,Region I
INF-01-2025-00928,2,1100147,Dadap ES,Construction of 2STY4CL,ISABELA,REGION II
INF-01-2025-00928,2,1099288,Sta. Catalina ES,Construction of 2STY6CL,"PANGASINAN II, BINALONAN",Region I
INF-01-2025-00929,2,1105274,Luna NHS,Construction of 2STY4CL,ISABELA,REGION II
INF-01-2025-00929,2,1099289,Unzad ES,Construction of 2STY6CL,"PANGASINAN II, BINALONAN",Region I
INF-01-2025-00934,2,1101438,Semirara Elementary School,Construction of 2STY4CL,ANTIQUE,REGION VI
INF-01-2025-00934,2,1099294,Antipangol ES,Construction of 1STY2CL,SAN CARLOS CITY (PANGASINAN),Region I
INF-01-2025-00935,2,1108189,Lipata-Lamputong Integrated School,Construction of 2STY4CL,ANTIQUE,REGION VI
INF-01-2025-00935,2,1099295,Aponit ES,Construction of 1STY2CL,SAN CARLOS CITY (PANGASINAN),Region I
INF-01-2025-00936,2,1108211,La Paz Integrated School,Construction of 2STY4CL,ANTIQUE,REGION VI
INF-01-2025-00936,2,1099296,Bacnar ES,Construction of 1STY2CL,SAN CARLOS CITY (PANGASINAN),Region I
INF-01-2025-00962,2,1108058,Sinsayon NHS,Construction of 2STY6CL,SANTIAGO CITY,REGION II
INF-01-2025-00962,2,1099326,Mallig Plains NHS,Construction of 4STY16CL,ISABELA,Region II
INF-01-2026-00902,2,1000367,Glamang ES,Construction of 3STY 4CL,SARANGANI,REGION XII
INF-01-2026-00902,2,1047,Callejon Es,"Callejon Elementary School, San Antonio 3STY6CL With Bundled School Furniture",QUEZON,REGION IV-A
INF-01-2026-00903,2,1000091,Alegria Central Elementary School,Construction of 4STY 4CL,SARANGANI,REGION XII
INF-01-2026-00903,2,1059,Sapaan Elementary School,2STY4CL With Bundled School Furniture,QUEZON,REGION IV-A
INF-01-2026-00904,2,1000086,Vicente Fuentes ES,Construction of 5STY 4CL,SARANGANI,REGION XII
INF-01-2026-00904,2,1067,Puting Buhangin Es,"Construction of  One (1) Storey Three (3) Classroom school building at Puting Buhangin Elementary School, Barangay Puting Buhangin, Boac, Marinduque With Bundled School Furniture",MARINDUQUE,REGION IV-B
INF-01-2026-00905,2,1000089,Datal Conde Elementary School,Construction of 6STY 4CL,SARANGANI,REGION XII
INF-01-2026-00905,2,1068,Bagtingon National High School,"Construction of Two (2) Storey Four (4) Classroom school building at Bagtingon National High School, Barangay Bagtingon, Buenavista, Marinduque With Bundled School Furniture",MARINDUQUE,REGION IV-B
INF-01-2026-00924,2,1108355,Mabusao Es,"Construction of two (2) Classrooms in Mabusao Elementary School, Barangay Mabusao, Ibajay, Aklan With Bundled School Furniture",AKLAN,REGION VI
INF-01-2026-00924,2,1237,Mabusao Es,"Construction of two (2) Classrooms in Mabusao Elementary School, Barangay Mabusao, Ibajay, Aklan With Bundled School Furniture",AKLAN,REGION VI
INF-01-2026-00940,2,1000149,Talifara ES,Construction of 2STY 6CL,SARANGANI,REGION XII
INF-01-2026-00940,2,1408,Tinghub Elementary School,"Construction of One Story Building with Four Classroom, Tinghub Elementary School, Brgy Tinghub, Villaba Leyte With Bundled School Furniture",LEYTE,REGION VIII
INF-02-2024-01814,2,1108356,J. Hector Lacson Elementary School,Repair of Classrooms,TACURONG CITY,REGION XII
INF-02-2024-01814,2,1006741,J. Hector Lacson Elementary School,Repair of Classrooms,TACURONG CITY,REGION XII
INF-02-2024-01904,2,1108358,Bagacay Elementary School,Repair of Classrooms,PASSI CITY,REGION VI
INF-02-2024-01904,2,1006963,Bagacay Elementary School,Repair of Classrooms,PASSI CITY,REGION VI
INF-02-2024-01966,2,1108359,BATU ELEMENTARY SCHOOL,Repair of Classrooms,PASSI CITY,REGION VI
INF-02-2024-01966,2,1007133,BATU ELEMENTARY SCHOOL,Repair of Classrooms,PASSI CITY,REGION VI
INF-02-2024-02024,2,1108357,San Rafael ES,Repair of Classrooms,TACURONG CITY,REGION XII
INF-02-2024-02024,2,1007258,San Rafael ES,Repair of Classrooms,TACURONG CITY,REGION XII
INF-10-2015-05859,4,1108325,Guadalupe NHS,CONSTRUCTION OF 2STY6CL AT GUADALUPE NHS,AGUSAN DEL SUR,CARAGA
INF-10-2015-05859,4,1108324,Guadalupe NHS,CONSTRUCTION OF 2STY6CL AT GUADALUPE NHS,AGUSAN DEL SUR,CARAGA
INF-10-2015-05859,4,1108323,Guadalupe NHS,CONSTRUCTION OF 2STY6CL AT GUADALUPE NHS,AGUSAN DEL SUR,CARAGA
INF-10-2015-05859,4,1106916,Guadalupe NHS,,AGUSAN DEL SUR,CARAGA
INF-10-2015-05864,5,1108346,Laminga NHS,CONSTRUCTION OF 2UNITS-1STY3CL AT LAMINGA NHS,AGUSAN DEL SUR,CARAGA
INF-10-2015-05864,5,1108345,Laminga NHS,CONSTRUCTION OF 2UNITS-1STY3CL AT LAMINGA NHS,AGUSAN DEL SUR,CARAGA
INF-10-2015-05864,5,1108344,Laminga NHS,CONSTRUCTION OF 2UNITS-1STY3CL AT LAMINGA NHS,AGUSAN DEL SUR,CARAGA
INF-10-2015-05864,5,1108343,Laminga NHS,CONSTRUCTION OF 2UNITS-1STY3CL AT LAMINGA NHS,AGUSAN DEL SUR,CARAGA
INF-10-2015-05864,5,1106931,Laminga NHS,,AGUSAN DEL SUR,CARAGA
INF-10-2015-05875,4,1108321,Buena Suerte NHS,CONSTRUCTION OF 1STY2CL AT BUENASUERTE NHS,AGUSAN DEL SUR,CARAGA
INF-10-2015-05875,4,1108320,Buena Suerte NHS,CONSTRUCTION OF 1STY2CL AT BUENASUERTE NHS,AGUSAN DEL SUR,CARAGA
INF-10-2015-05875,4,1108319,Buena Suerte NHS,CONSTRUCTION OF 1STY2CL AT BUENASUERTE NHS,AGUSAN DEL SUR,CARAGA
INF-10-2015-05875,4,1107865,Buena Suerte NHS,,AGUSAN DEL SUR,CARAGA
INF-10-2015-05895,4,1108317,Bayugan III NHS,CONSTRUCTION OF 2STY6CL AT BAYUGAN III NHS,AGUSAN DEL SUR,CARAGA
INF-10-2015-05895,4,1108316,Bayugan III NHS,CONSTRUCTION OF 2STY6CL AT BAYUGAN III NHS,AGUSAN DEL SUR,CARAGA
INF-10-2015-05895,4,1108315,Bayugan III NHS,CONSTRUCTION OF 2STY6CL AT BAYUGAN III NHS,AGUSAN DEL SUR,CARAGA
INF-10-2015-05895,4,1106936,Bayugan III NHS,,AGUSAN DEL SUR,CARAGA
INF-10-2015-05901,4,1108313,Bayugan II National High School,CONSTRUCTION OF 1STY2CL AT BAYUGAN II NHS,AGUSAN DEL SUR,CARAGA
INF-10-2015-05901,4,1108312,Bayugan II National High School,CONSTRUCTION OF 1STY2CL AT BAYUGAN II NHS,AGUSAN DEL SUR,CARAGA
INF-10-2015-05901,4,1108311,Bayugan II National High School,CONSTRUCTION OF 1STY2CL AT BAYUGAN II NHS,AGUSAN DEL SUR,CARAGA
INF-10-2015-05901,4,1107853,Bayugan II National High School,,AGUSAN DEL SUR,CARAGA
INF-10-2015-05925,5,1108310,Aurora NHS,CONSTRUCTION OF 1STY2CL AT AURORA NHS,AGUSAN DEL SUR,CARAGA
INF-10-2015-05925,5,1108309,Aurora NHS,CONSTRUCTION OF 1STY2CL AT AURORA NHS,AGUSAN DEL SUR,CARAGA
INF-10-2015-05925,5,1108308,Aurora NHS,CONSTRUCTION OF 1STY2CL AT AURORA NHS,AGUSAN DEL SUR,CARAGA
INF-10-2015-05925,5,1108307,Aurora NHS,CONSTRUCTION OF 1STY2CL AT AURORA NHS,AGUSAN DEL SUR,CARAGA
INF-10-2015-05925,5,1107858,Aurora NHS,,AGUSAN DEL SUR,CARAGA
INF-10-2015-05926,6,1108354,Lucena NHS,CONSTRUCTION OF 2STY6CL AT LUCENA NHS,AGUSAN DEL SUR,CARAGA
INF-10-2015-05926,6,1108353,Lucena NHS,CONSTRUCTION OF 2STY6CL AT LUCENA NHS,AGUSAN DEL SUR,CARAGA
INF-10-2015-05926,6,1108352,Lucena NHS,CONSTRUCTION OF 2STY6CL AT LUCENA NHS,AGUSAN DEL SUR,CARAGA
INF-10-2015-05926,6,1108351,Lucena NHS,CONSTRUCTION OF 2STY6CL AT LUCENA NHS,AGUSAN DEL SUR,CARAGA
INF-10-2015-05926,6,1108350,Lucena NHS,CONSTRUCTION OF 2STY6CL AT LUCENA NHS,AGUSAN DEL SUR,CARAGA
INF-10-2015-05926,6,1106922,Lucena NHS,,AGUSAN DEL SUR,CARAGA
INF-10-2015-06019,4,1108305,Anislagan NHS,CONSTRUCTION OF 2STY4CL AT ANISLAGAN NHS,AGUSAN DEL SUR,CARAGA
INF-10-2015-06019,4,1108304,Anislagan NHS,CONSTRUCTION OF 2STY4CL AT ANISLAGAN NHS,AGUSAN DEL SUR,CARAGA
INF-10-2015-06019,4,1108303,Anislagan NHS,CONSTRUCTION OF 2STY4CL AT ANISLAGAN NHS,AGUSAN DEL SUR,CARAGA
INF-10-2015-06019,4,1106929,Anislagan NHS,,AGUSAN DEL SUR,CARAGA
INF-10-2015-06662,3,1108348,Libertad NHS,CONSTRUCTION OF 2STY6CL AT LIBERTAD NHS,AGUSAN DEL SUR,CARAGA
INF-10-2015-06662,3,1108347,Libertad NHS,CONSTRUCTION OF 2STY6CL AT LIBERTAD NHS,AGUSAN DEL SUR,CARAGA
INF-10-2015-06662,3,1106920,Libertad NHS,,AGUSAN DEL SUR,CARAGA
INF-10-2015-06697,4,1108330,Kapatungan NHS,CONSTRUCTION OF 1STY2CL AT KAPATUNGAN NHS,AGUSAN DEL SUR,CARAGA
INF-10-2015-06697,4,1108329,Kapatungan NHS,CONSTRUCTION OF 1STY2CL AT KAPATUNGAN NHS,AGUSAN DEL SUR,CARAGA
INF-10-2015-06697,4,1108328,Kapatungan NHS,CONSTRUCTION OF 1STY2CL AT KAPATUNGAN NHS,AGUSAN DEL SUR,CARAGA
INF-10-2015-06697,4,1107856,Kapatungan NHS,,AGUSAN DEL SUR,CARAGA
INF-10-2015-06756,4,1108337,La Fortuna NHS,CONSTRUCTION OF 2STY6CL AT LA FORTUNA NHS,AGUSAN DEL SUR,CARAGA
INF-10-2015-06756,4,1108336,La Fortuna NHS,CONSTRUCTION OF 2STY6CL AT LA FORTUNA NHS,AGUSAN DEL SUR,CARAGA
INF-10-2015-06756,4,1108335,La Fortuna NHS,CONSTRUCTION OF 2STY6CL AT LA FORTUNA NHS,AGUSAN DEL SUR,CARAGA
INF-10-2015-06756,4,1107854,La Fortuna NHS,,AGUSAN DEL SUR,CARAGA
INF-10-2015-06797,6,1108342,La Paz NHS,CONSTRUCTION OF 2UNITS-1STY3CL AT AURORA NHS,AGUSAN DEL SUR,CARAGA
INF-10-2015-06797,6,1108341,La Paz NHS,CONSTRUCTION OF 2-1STY3CL AT AURORA NHS,AGUSAN DEL SUR,CARAGA
INF-10-2015-06797,6,1108340,La Paz NHS,CONSTRUCTION OF 2-1STY3CL AT AURORA NHS,AGUSAN DEL SUR,CARAGA
INF-10-2015-06797,6,1108339,La Paz NHS,CONSTRUCTION OF 2-1STY3CL AT AURORA NHS,AGUSAN DEL SUR,CARAGA
INF-10-2015-06797,6,1108338,La Paz NHS,CONSTRUCTION OF 2-1STY3CL AT AURORA NHS,AGUSAN DEL SUR,CARAGA
INF-10-2015-06797,6,1106919,La Paz NHS,,AGUSAN DEL SUR,CARAGA
INF-10-2015-06818,4,1108334,Kasapa NHS,CONSTRUCTION OF 1STY2CL AT KASAPA NHS,AGUSAN DEL SUR,CARAGA
INF-10-2015-06818,4,1108333,Kasapa NHS,CONSTRUCTION OF 1STY2CL AT KASAPA NHS,AGUSAN DEL SUR,CARAGA
INF-10-2015-06818,4,1108332,Kasapa NHS,CONSTRUCTION OF 1STY2CL AT KASAPA NHS,AGUSAN DEL SUR,CARAGA
INF-10-2015-06818,4,1106917,Kasapa NHS,,AGUSAN DEL SUR,CARAGA
INF-10-2016-02677,3,1108291,Cecilia Nhs,CONSTRUCTION OF 2STY6CL AT CECILIA NHS,AGUSAN DEL SUR,CARAGA
INF-10-2016-02677,3,1108290,Cecilia Nhs,CONSTRUCTION OF 2STY6CL AT CECILIA NHS,AGUSAN DEL SUR,CARAGA
INF-10-2016-02677,3,1106930,Cecilia Nhs,,AGUSAN DEL SUR,CARAGA
INF-10-2016-02699,8,1108299,Bunawan National High School,CONSTRUCTION OF 3STY12CL-3STY6CL-SHS UNIQUE WORKSHOP (7X22.5) AT BUNAWAN NHS,AGUSAN DEL SUR,CARAGA
INF-10-2016-02699,8,1108294,Bunawan National High School,CONSTRUCTION OF 3STY12CL-3STY6CL-SHS UNIQUE WORKSHOP (7X22.5) AT BUNAWAN NHS,AGUSAN DEL SUR,CARAGA
INF-10-2016-02699,8,1108289,Bunawan National High School,CONSTRUCTION OF 3STY12CL-3STY6CL-SHS UNIQUE WORKSHOP (7X22.5),AGUSAN DEL SUR,CARAGA
INF-10-2016-02699,8,1108287,Bunawan National High School,CONSTRUCTION OF 3STY12CL-3STY6CL-SHS UNIQUE WORKSHOP,AGUSAN DEL SUR,CARAGA
INF-10-2016-02699,8,1108286,Bunawan National High School,CONSTRUCTION OF 3STY12CL-3STY6CL-SHS UNIQUE WORKSHOP,AGUSAN DEL SUR,CARAGA
INF-10-2016-02699,8,1108285,Bunawan National High School,CONSTRUCTION OF 3STY12CL-3STY6CL-SHS UNIQUE WORKSHOP,AGUSAN DEL SUR,CARAGA
INF-10-2016-02699,8,1108284,Bunawan National High School,CONSTRUCTION OF 3STY12CL-3STY6CL-SHS UNIQUE WORKSHOP,AGUSAN DEL SUR,CARAGA
INF-10-2016-02699,8,1106914,Bunawan National High School,,AGUSAN DEL SUR,CARAGA
INF-10-2016-02707,5,1108298,Esperanza National High School,CONSTRUCTION OF 3STY15CL-2STY12CL-SHS UNIQUE WORKSHOP (7X22.5) AT ESPERANZA NHS,AGUSAN DEL SUR,CARAGA
INF-10-2016-02707,5,1108297,Esperanza National High School,CONSTRUCTION OF 3STY15CL-2STY12CL-SHS UNIQUE WORKSHOP (7X22.5) AT ESPERANZA NHS,AGUSAN DEL SUR,CARAGA
INF-10-2016-02707,5,1108296,Esperanza National High School,CONSTRUCTION OF 3STY15CL-2STY12CL-SHS UNIQUE WORKSHOP (7X22.5) AT ESPERANZA NHS,AGUSAN DEL SUR,CARAGA
INF-10-2016-02707,5,1108295,Esperanza National High School,CONSTRUCTION OF 3STY15CL-2STY12CL-SHS UNIQUE WORKSHOP (7X22.5) AT ESPERANZA NHS,AGUSAN DEL SUR,CARAGA
INF-10-2016-02707,5,1106915,Esperanza National High School,,AGUSAN DEL SUR,CARAGA
INF-10-2017-01001,9,1108293,Salvacion NHS,CONSTRUCTION OF SHS UNIQUE WORKSHOP (7X22.5) AT SALVACION NHS,AGUSAN DEL SUR,CARAGA
INF-10-2017-01001,9,1108288,Salvacion NHS,CONSTRUCTION OF SHS UNIQUE WORKSHOP (7X22.5),AGUSAN DEL SUR,CARAGA
INF-10-2017-01001,9,1108283,Salvacion NHS,CONSTRUCTION OF UNIQUE WORKSHOP (7X22.5),AGUSAN DEL SUR,CARAGA
INF-10-2017-01001,9,1108282,Salvacion NHS,CONSTRUCTION OF UNIQUE WORKSHOP (7X22.5),AGUSAN DEL SUR,CARAGA
INF-10-2017-01001,9,1108281,Salvacion NHS,CONSTRUCTION OF UNIQUE WORKSHOP (7X22.5),AGUSAN DEL SUR,CARAGA
INF-10-2017-01001,9,1108280,Salvacion NHS,CONSTRUCTION OF UNIQUE WORKSHOP (7X22.5),AGUSAN DEL SUR,CARAGA
INF-10-2017-01001,9,1108279,Salvacion NHS,CONSTRUCTION OF UNIQUE WORKSHOP (7X22.5),AGUSAN DEL SUR,CARAGA
INF-10-2017-01001,9,1108278,Salvacion NHS,CONSTRUCTION OF UNIQUE WORKSHOP (7X22.5),AGUSAN DEL SUR,CARAGA
INF-10-2017-01001,9,1107872,Salvacion NHS,,AGUSAN DEL SUR,CARAGA
INF-10-2017-01079,5,1108273,Corpuz NHS,CONSTRUCTION OF 1STY2CL AT CORPUZ NHS,AGUSAN DEL SUR,CARAGA
INF-10-2017-01079,5,1108272,Corpuz NHS,CONSTRUCTION OF 1STY2CL AT CORPUZ NHS,AGUSAN DEL SUR,CARAGA
INF-10-2017-01079,5,1108271,Corpuz NHS,CONSTRUCTION OF 1STY2CL AT CORPUZ NHS,AGUSAN DEL SUR,CARAGA
INF-10-2017-01079,5,1108270,Corpuz NHS,CONSTRUCTION OF 1STY2CL AT CORPUZ NHS,AGUSAN DEL SUR,CARAGA
INF-10-2017-01079,5,1107861,Corpuz NHS,,AGUSAN DEL SUR,CARAGA
INF-10-2017-01080,5,1108277,Nato National High School,CONSTRUCTION OF 1STY2CL AT NATO NHS,AGUSAN DEL SUR,CARAGA
INF-10-2017-01080,5,1108276,Nato National High School,CONSTRUCTION OF 1STY2CL AT NATO NHS,AGUSAN DEL SUR,CARAGA
INF-10-2017-01080,5,1108275,Nato National High School,CONSTRUCTION OF 1STY2CL AT NATO NHS,AGUSAN DEL SUR,CARAGA
INF-10-2017-01080,5,1108274,Nato National High School,CONSTRUCTION OF 1STY2CL AT NATO NHS,AGUSAN DEL SUR,CARAGA
INF-10-2017-01080,5,1107862,Nato National High School,,AGUSAN DEL SUR,CARAGA
INF-10-2017-01085,9,1108268,Aurora Nhs,CONSTRUCTION OF 1STY2CL AT AURORA NHS,AGUSAN DEL SUR,CARAGA
INF-10-2017-01085,9,1108267,Aurora Nhs,CONSTRUCTION OF 1STY2CL AT AURORA NHS,AGUSAN DEL SUR,CARAGA
INF-10-2017-01085,9,1108266,Aurora Nhs,CONSTRUCTION OF 1STY2CL AT AURORA NHS,AGUSAN DEL SUR,CARAGA
INF-10-2017-01085,9,1108265,Aurora Nhs,CONSTRUCTION OF 1STY2CL AT AURORA NHS,AGUSAN DEL SUR,CARAGA
INF-10-2017-01085,9,1108264,Aurora Nhs,CONSTRUCTION OF 1STY2CL AT AURORA NHS,AGUSAN DEL SUR,CARAGA
INF-10-2017-01085,9,1108263,Aurora Nhs,CONSTRUCTION OF 1STY2CL AT AURORA NHS,AGUSAN DEL SUR,CARAGA
INF-10-2017-01085,9,1108262,Aurora Nhs,CONSTRUCTION OF 1STY2CL AT AURORA NHS,AGUSAN DEL SUR,CARAGA
INF-10-2017-01085,9,1108261,Aurora Nhs,CONSTRUCTION OF 1STY2CL AT AURORA NHS,AGUSAN DEL SUR,CARAGA
INF-10-2017-01085,9,1107877,Aurora Nhs,,AGUSAN DEL SUR,CARAGA
INF-10-2018-01375,2,1108360,Efraim M. Santibanez National High School,,PASSI CITY,REGION VI
INF-10-2018-01375,2,96990,Efraim M. Santibanez National High School,,PASSI CITY,REGION VI
