Project_ID,IPC,Has_Photos,Has_Docs,School_Name,Project_Name,Division,Region
324,INF-10-2026-00054,YES,YES,Oriental Mindoro National High School,MODERNIZATION OF ELECTRICAL SYSTEMS ON GRID SCHOOL OF ORIENTAL MINDORO NATIONAL HIGH         SCHOOL,CALAPAN CITY,MIMAROPA
328,INF-10-2026-00048,NO,YES,Pupua Elementary School,BAKAKENG BRIDGE,CATBALOGAN CITY,REGION VIII
332,INF-01-2026-00050,YES,YES,Maniwaya National High School,"CONSTRUCTION OF SCHOOL BUILDING, MANIWAYA NATIONAL HIGH SCHOOL, SANTA CRUZ, MARINDUQUE",MARINDUQUE,MIMAROPA
380,INF-03-2024-00001,NO,YES,Cirilo Rabanal ES,"Cirilo Rabanal ES - 1 Storey - 3 CL (Rainwater Collector; Solar PV Energy 
System; Water System; SF)",ILOCOS SUR,REGION I
381,INF-03-2024-00002,NO,YES,Iteb PS,"Iteb PS - 1 Storey - 3 CL (Rainwater Collector; Solar PV Energy 
System; Water System; SF)",ILOCOS SUR,REGION I
383,INF-03-2024-00004,NO,YES,Mangayang ES,"Mangayang ES - 1 Storey - 3 CL (Rainwater Collector; Solar PV Energy 
System; Water System; SF)",NUEVA VIZCAYA,REGION II
384,INF-03-2024-00005,NO,YES,Namanparan ES,"Namanparan ES - 1 Storey - 3 CL (Rainwater Collector; Solar PV Energy 
System; Water System; SF)",NUEVA VIZCAYA,REGION II
385,INF-03-2024-00006,NO,YES,Calumpit ES,"Calumpit ES - 1 Storey - 3 CL (Rainwater Collector; Solar PV Energy 
System; Water System; SF)",BULACAN,REGION III
386,INF-03-2024-00007,NO,YES,Panagan ES,"Panagan ES - 1 Storey - 3 CL (Rainwater Collector; Solar PV Energy 
System; Water System; SF)",CAMARINES SUR,REGION V
388,INF-03-2024-00009,NO,YES,Caparispisan PS,"Caparispisan PS - 1 Storey - 3 CL (Rainwater Collector; Solar PV Energy 
System; Water System; SF)",ILOCOS NORTE,REGION I
389,INF-03-2024-00010,NO,YES,Cabanuangan ES,"Cabanuangan ES - 1 Storey - 3 CL (Rainwater Collector; Solar PV Energy 
System; Water System; SF)",AURORA,REGION III
390,INF-03-2024-00011,NO,YES,Calaocan ES,"Calaocan ES - 1 Storey - 3 CL (Rainwater Collector; Solar PV Energy 
System; Water System; SF)",AURORA,REGION III
391,INF-03-2024-00012,NO,YES,Pitugo ES,"Pitugo ES - 1 Storey - 3 CL (Rainwater Collector; Solar PV Energy 
System; Water System; SF)",BATANGAS,REGION IV-A
392,INF-03-2024-00013,NO,YES,Ligpit Bantayan ES,"Ligpit Bantayan ES - 1 Storey - 3 CL (Rainwater Collector; Solar PV Energy 
System; Water System; SF)",QUEZON,REGION IV-A
393,INF-03-2024-00014,NO,YES,Banti ES,"Banti ES - 1 Storey - 3 CL (Rainwater Collector; Solar PV Energy 
System; Water System; SF)",ORIENTAL MINDORO,MIMAROPA
411,INF-01-2026-00830,YES,YES,Mariveles NHS Cab. Annex-Alasasin,CONSTRUCTION OF MODULAR ONE (1) STOREY TWO (2) CLASSROOM SCHOOL BUILDING,BATAAN,REGION III
417,INF-01-2026-00059,NO,YES,Partida Elementary School,PROPOSED ONE (1) STOREY CLASSROOM SCHOOL BUILDING,BULACAN,REGION III
1408,INF-01-2026-00940,YES,NO,Tinghub Elementary School,"Construction of One Story Building with Four Classroom, Tinghub Elementary School, Brgy Tinghub, Villaba Leyte With Bundled School Furniture",LEYTE,REGION VIII
102892,INF-02-2024-00363,YES,NO,Bayowong Elementary School,Repair / Rehabilitation of Classrooms,KALINGA,CAR
102893,INF-02-2024-00364,YES,NO,Sadsadan Primary School,Repair / Rehabilitation of Classrooms,KALINGA,CAR
102895,INF-02-2024-00366,YES,NO,Calaocan Elementary School,Repair / Rehabilitation of Classrooms,KALINGA,CAR
105494,INF-01-2025-00750,YES,YES,Malalag CES-SPED Center,Construction of School Building,SARANGANI,REGION XII
1000086,INF-01-2026-00904,NO,YES,Vicente Fuentes ES,Construction of 5STY 4CL,SARANGANI,REGION XII
1000156,INF-04-2024-00203,YES,YES,Altavas ES,Construction of School Clinic,AKLAN,REGION VI
1000227,INF-02-2025-00034,NO,YES,Tagbaobo Elementary School,Repair / Rehabilitation of Classrooms,ISLAND GARDEN CITY OF SAMAL,REGION XI
1000272,INF-12-2024-00645,NO,YES,New Era ES,Upgrading of Electrical System (Overhead System),QUEZON CITY,NCR
1000341,INF-01-2025-00716,YES,YES,Alangilan Senior High School,Construction of School Building,BATANGAS CITY,REGION IV-A
1000441,INF-12-2024-00220,YES,YES,Tarlac National High School,,TARLAC,REGION III
1000462,INF-02-2024-00131,YES,YES,Talaga ES,Repair of Classrooms,TARLAC,REGION III
1000466,INF-02-2024-00859,NO,YES,Sawata NHS,Repair of Classrooms,DAVAO DEL NORTE,REGION XI
1000467,INF-02-2024-00858,NO,YES,Datu Balong NHS,Repair of Classrooms,DAVAO DEL NORTE,REGION XI
1000468,INF-04-2024-00011,YES,NO,Aglipay West CS,Construction/Repair of Health Facilities,QUIRINO,REGION II
1000479,INF-05-2024-00100,NO,YES,Comara T. Manuel Central Elementary School SPED Center,Conservation and Restoration of Gabaldon School Building,DAVAO ORIENTAL,REGION XI
1000492,INF-06-2024-00129,YES,YES,Macangao Central Elementary School,Construction of 1 Storey Library Hub Building (22.50m x 9.50m),DAVAO ORIENTAL,REGION XI
1000500,INF-06-2024-00057,YES,NO,Pilar P. Rodriguez Integrated School,Construction of 1 Storey Library Hub Building (22.50m x 9.50m),DAVAO CITY,REGION XI
1000502,INF-05-2025-00083,NO,YES,Tugbok Central ES SPED Center,Repair/Rehab. Of Gabaldon Bldg.,DAVAO CITY,REGION XI
1000503,INF-02-2025-00374,YES,NO,Lapu Lapu ES,Repair / Rehabilitation of Classrooms,DAVAO CITY,REGION XI
1000504,INF-05-2025-00072,NO,YES,Alejandra L. Navarro Central Elementary School,Repair/Rehab. Of Gabaldon Bldg.,DAVAO CITY,REGION XI
1000505,INF-02-2025-00323,NO,YES,Saloy ES,Repair / Rehabilitation of Classrooms,DAVAO CITY,REGION XI
1000507,INF-03-2025-00165,NO,YES,Butay National High School,2units-1sty 3cl,DAVAO CITY,REGION XI
1000510,INF-05-2024-00077,YES,NO,Alambre ES,Conservation and Restoration of Gabaldon School Building,DAVAO CITY,REGION XI
1000511,INF-05-2024-00074,YES,NO,Catigan ES,Conservation and Restoration of Gabaldon School Building,DAVAO CITY,REGION XI
1000512,INF-05-2024-00073,YES,NO,Baracatan ES,Conservation and Restoration of Gabaldon School Building,DAVAO CITY,REGION XI
1000524,INF-01-2025-00737,YES,YES,Buhangin CES SPED CENTER,CONSTRUCTION OF SCHOOL BUILDING,DAVAO CITY,REGION XI
1000535,INF-02-2025-00754,NO,YES,Oeste National High School,Repair / Rehabilitation of Classrooms,SAMAR (WESTERN SAMAR),REGION VIII
1000553,INF-04-2026-00001,YES,YES,Salvacion National High School,CONSTRUCTION OF  HEALTH CLINIC,BAYUGAN CITY,CARAGA
1000559,INF-03-2024-00197,NO,YES,Mc Arthur S. Madani Integrated School,"CONSTRUCTION  OF 1 UNIT 1STRY-2CL SCHOOL BUILDING (WITH TOILET) WITH PROVISION OF RAINWATER COLLECTOR, SCHOOL FURNITURE, SOLAR PV ENERGY SYSTEM, WATER SYSTEM AND FLOOD MARKER - MC ARTHUR S. MADANI IS",DAVAO ORIENTAL,REGION XI
1000561,INF-03-2024-00195,NO,YES,Logdeck Elementary School,"CONSTRUCTION  OF 1 UNIT 1STRY-2CL SCHOOL BUILDING (WITH TOILET) WITH PROVISION OF RAINWATER COLLECTOR, SCHOOL FURNITURE, SOLAR PV ENERGY SYSTEM, WATER SYSTEM AND FLOOD MARKER - LOGDECK ELEMENTARY SCHOOL",DAVAO ORIENTAL,REGION XI
1000563,INF-04-2024-00510,NO,YES,Gregorio Moralizon ES 1,Construction of School Clinic,DAVAO ORIENTAL,REGION XI
1000564,INF-12-2024-00884,YES,YES,Lambajon Central Elementary School SPED Center,Energization of Electrical System (Overhead System),DAVAO ORIENTAL,REGION XI
1000565,INF-02-2024-00227,NO,YES,Osmeña Elementary School,Repair of Classrooms,DAVAO ORIENTAL,REGION XI
1000622,INF-01-2026-01175,YES,YES,Balilihan Central ES,2 STOREY 4 CLASSROOM-BALILIHAN CES,BOHOL,REGION VII
1000625,INF-11-2024-00685,YES,YES,Mahatao Elementary School,REPAIR OF CLASSROOMS,BATANES,REGION II
1000630,INF-04-2025-00001,YES,NO,Himamaylan NHS,CONSTRUCTION OF SCHOOL HEALTH FACILITY AT HIMAMAYLAN NHS,HIMAMAYLAN CITY,NIR
1000634,INF-01-2024-01577,YES,YES,BUENAVISTA HIGH SCHOOL,2STY8CL CONSTRUCTION OF CLASSROOMS,BOHOL,REGION VII
1006598,INF-12-2024-01629,YES,NO,Surigao City Pilot Sch.,Upgrading of Electrical System,SURIGAO CITY,CARAGA
1006752,INF-12-2024-01666,NO,YES,Jose Rizal ES,Upgrading of Electrical System,PASAY CITY,NCR
1006769,INF-02-2024-01829,YES,NO,Gamban Dadatan National High School,Repair of Classrooms,ISLAND GARDEN CITY OF SAMAL,REGION XI
1006796,INF-11-2024-01535,YES,NO,Limao Elementary School,Repair of Classrooms,ISLAND GARDEN CITY OF SAMAL,REGION XI
1006996,INF-02-2024-01915,YES,NO,Anoling ES,Repair of Classrooms,BOHOL,REGION VII
1007025,INF-02-2024-01926,YES,NO,Malinao ES,Repair of Classrooms,BOHOL,REGION VII
1007110,INF-02-2024-01958,YES,NO,Ili National High School,Repair of Classrooms,APAYAO,CAR
1007119,INF-02-2024-01962,YES,NO,Anoling National High School,Repair of Classrooms,BOHOL,REGION VII
1007165,INF-02-2024-01982,YES,NO,Lungsodaan ES,Repair of Classrooms,BOHOL,REGION VII
1007166,INF-02-2024-01983,YES,NO,Abihilan ES,Repair of Classrooms,BOHOL,REGION VII
1007172,INF-02-2024-01987,YES,NO,La Union NHS,Repair of Classrooms,BOHOL,REGION VII
1007204,INF-04-2024-01230,YES,NO,Sindangan National High School,Construction of School Clinic,ZAMBOANGA DEL NORTE,REGION IX
1007207,INF-02-2024-02002,YES,NO,Bonkokan ES,Repair of Classrooms,BOHOL,REGION VII
1007218,INF-02-2024-02009,YES,NO,La Union Elementary School,Repair of Classrooms,BOHOL,REGION VII
1007227,INF-12-2024-01804,YES,NO,Iligan City East National HS (Sta. Filomena),Modernization of Electrical System On-grid Schools,ILIGAN CITY,REGION X
1007229,INF-02-2024-02013,YES,NO,Malimba ES,Repair of Classrooms,GAPAN CITY,REGION III
1007239,INF-12-2024-01806,YES,NO,SANTA CRUZ CES,Energization of Electrical System (Overhead System),DAVAO DEL SUR,REGION XI
1007293,INF-02-2024-02029,YES,NO,Mainit ES,Repair of Classrooms,ILIGAN CITY,REGION X
1007297,INF-02-2024-02031,YES,NO,Panadtaran ES,Repair of Classrooms,BOHOL,REGION VII
1007312,INF-12-2024-01824,YES,NO,BULAWAN INTEGRATED SCHOOL,Electrification of Un-Energized Schools and Modernization of Electrical Systems of On-Grid Schools,ZAMBOANGA DEL NORTE,REGION IX
1007367,INF-02-2024-02055,YES,NO,Diongan National High School,Repair of Classrooms,ZAMBOANGA DEL NORTE,REGION IX
1007382,INF-02-2024-02057,YES,NO,Bogabongan ES,Repair of Classrooms,ZAMBOANGA DEL NORTE,REGION IX
1007410,INF-06-2024-00459,YES,NO,Liloy CS,Construction of 1 Storey Library Hub Building (22.50m x 9.50m),ZAMBOANGA DEL NORTE,REGION IX
1007460,INF-02-2024-02064,YES,NO,Kabugao Central School,Repair of Classrooms,APAYAO,CAR
1007717,INF-03-2024-00834,YES,NO,SITOG NHS - SEROAN EXT.,"PROPOSED CONSTRUCTION OF 2 UNITS ONE (1) STOREY - TWO (2) CLASSROOMS SCHOOL BUILDING (WITH COMMON TOILET) WITH PROVISION OF RAINWATER COLLECTOR, SCHOOL FURNITURE, PERIMETER SOLAR LIGHT, SOLAR PV ENERGY SYSTEM AND WATER SYSTEM",ZAMBOANGA DEL NORTE,REGION IX
1007835,INF-05-2024-00376,YES,NO,Sianib ES,Conservation and Restoration of Gabaldon School Building,ZAMBOANGA DEL NORTE,REGION IX
1007889,INF-02-2024-02075,YES,NO,Tocdog ES,Repair of Classrooms,BOHOL,REGION VII
1007890,INF-02-2024-02076,YES,NO,Tiguis ES,Repair of Classrooms,BOHOL,REGION VII
1007916,INF-07-2024-00115,YES,NO,Rabat Rocamora Mati Central School SPED Center,Conversion of SPED Center to Inclusive Learrning Resource Center (ILRC),MATI CITY,REGION XI
1008108,INF-02-2025-02189,YES,NO,Conner National HS,Repair / Rehabilitation of Classrooms,APAYAO,CAR
1008450,INF-03-2024-00850,YES,NO,Nodilla Elementary School,"CONSTRUCTION OF SCHOOL BUILDING (WITH TOILET) WITH PROVISION OF RAINWATER COLLECTOR, SCHOOL FURNITURE, SOLAR PV ENERGY SYSTEM, WATER SYSTEM AND FLOOD MARKER",DAVAO DEL SUR,REGION XI
1008471,INF-02-2024-02122,YES,NO,Kanim National High School,Repair / Rehabilitation of Classrooms,ZAMBOANGA DEL NORTE,REGION IX
1008535,INF-02-2024-02124,YES,NO,Darulog Elementary School,Repair of Classrooms,KALINGA,CAR
1008620,INF-02-2025-02337,YES,NO,Lapu-lapu ES,Repair / Rehabilitation of Classrooms,BOHOL,REGION VII
1008627,INF-02-2024-02140,YES,NO,Wagud Elementary School,Repair of Classrooms,KALINGA,CAR
1008628,INF-02-2024-02141,YES,NO,Macutay Elementary School,Repair of Classrooms,KALINGA,CAR
1008683,INF-02-2024-02148,YES,NO,La Libertad CS,Repair / Rehabilitation of Classrooms,ZAMBOANGA DEL NORTE,REGION IX
1008711,INF-02-2025-02369,YES,NO,Malipot Elementary School,Repair / Rehabilitation of Classrooms,ZAMBOANGA DEL NORTE,REGION IX
1008795,INF-02-2024-02169,YES,NO,Antonino Vicentino ES,Repair / Rehabilitation of Classrooms,MATI CITY,REGION XI
1008818,INF-02-2025-02424,YES,NO,Bagongbanua ES,Repair / Rehabilitation of Classrooms,BOHOL,REGION VII
1008986,INF-02-2024-02191,YES,NO,Cararayan National High School,Repair of Classrooms,NAGA CITY,REGION V
1009020,INF-05-2024-00438,YES,NO,Malalag CES,Conservation and Restoration of Gabaldon School Building,DAVAO DEL SUR,REGION XI
1009271,INF-02-2025-02700,NO,YES,Clarin National School of Fisheries,Repair / Rehabilitation of Classrooms,BOHOL,REGION VII
1009358,INF-06-2024-00487,YES,NO,Northern Tacloban City National High School,Construction of 1 Storey Library Hub Building (22.50m x 9.50m),TACLOBAN CITY,REGION VIII
1009611,INF-05-2025-00368,NO,YES,Basdio ES,Restoration and Conservation of Gabaldon Building,BOHOL,REGION VII
1009635,INF-07-2024-00125,NO,YES,Bacsay ES,Proposed Conversion of 9 Classrooms into Inclusive Learning Resource Center,APAYAO,CAR
1009647,INF-12-2024-01581,YES,YES,Pio Dalim Memorial SAT Main,Electrification of Un-Energized Schools and Modernization of Electrical Systems of On-Grid Schools,APAYAO,CAR
1009648,INF-02-2026-00001,YES,NO,Manaul National High School,"REPAIR OF CLASSROOM AT MANAUL NATIONAL HIGH SCHOOL, MANSALAY, ORIENTAL MINDORO",ORIENTAL MINDORO,MIMAROPA
1009662,INF-04-2024-01019,YES,YES,Pudtol Vocational High School,Construction of School Clinic,APAYAO,CAR
1009663,INF-02-2026-00002,YES,NO,Pag-asa NHS,"REPAIR OF CLASSROOM AT PAG-ASANATIONAL HIGH SCHOOL, BANSUD, ORIENTAL MINDORO ",ORIENTAL MINDORO,MIMAROPA
1009664,INF-04-2024-01004,NO,YES,Butao Integrated School,"Construction of Handwashing Facility,Comfort Room, and clinic",APAYAO,CAR
1009666,INF-05-2024-00338,YES,YES,Manukan East Central School,Repair /Rehabilitation of Gabaldon Building - H.E. Building,ZAMBOANGA DEL NORTE,REGION IX
1009678,INF-04-2024-00758,YES,NO,BANTAY NATIONAL HIGH SCHOOL,Construction of School Clinic,TABUK CITY,CAR
1009681,INF-02-2025-01420,YES,YES,Masablang Elementary School,Repair / Rehabilitation of Classrooms,TABUK CITY,CAR
1009704,INF-02-2025-02731,YES,NO,Tagaskan ES,"REPAIR OF CLASSROOMS AT TAGASKAN ES, ROXAS, ORIENTAL MINDORO",ORIENTAL MINDORO,MIMAROPA
1009707,INF-10-2025-01435,YES,YES,Pascuala P. Gabia Memorial School,"REPAIR OF 6 CLASSROOMS AT PASCUALA P. GABIA MEMORIAL SCHOOL, BONGABONG, ORIENTAL MINDORO",ORIENTAL MINDORO,MIMAROPA
1009724,INF-12-2024-01716,NO,YES,Talalora National High School,Upgrading of Electrical System (Overhead System),SAMAR (WESTERN SAMAR),REGION VIII
1009736,INF-04-2024-01228,NO,YES,Liloy National High School,Construction of School Clinic,ZAMBOANGA DEL NORTE,REGION IX
1009742,INF-02-2024-02036,NO,YES,Rivera Village Elementary School,Repair of Classrooms,PASAY CITY,NCR
1009744,INF-01-2026-01176,YES,NO,Cocob ES,CONSTRUCTION OF 1 STOREY 2 CLASSROOMS,ZAMBOANGA DEL NORTE,REGION IX
1009773,INF-02-2024-02203,NO,YES,Dawan NHS,Repair / Rehabilitation of Classrooms,MATI CITY,REGION XI
1009777,INF-04-2024-01034,YES,YES,Pasay City West HS,Repair / Rehabilitation of Health and Sanitation Facilities,PASAY CITY,NCR
1009785,INF-02-2025-02390,NO,YES,Cambayaon ES,Repair / Rehabilitation of Classrooms,BOHOL,REGION VII
1009787,INF-02-2024-02179,NO,YES,Canawa ES,Repair of Classrooms,BOHOL,REGION VII
1009799,INF-07-2024-00126,NO,YES,San Juan South Central School,"PROPOSED CONVERSION OF CLASSROOMS INTO INCLUSIVE LEARNING RESOURCE CENTER
 (REPAIR/REHABILITATION OF 3 BUILDINGS - 5 CLASSROOMS)",ILOCOS SUR,REGION I
1009816,INF-01-2026-00154,NO,YES,Vigan West National High School,"Construction of 4-Storey 16 C/L  and  1-Storey 2C/L School Building, Vigan National Highschool West, Vigan City, Ilocos Sur With Bundled School Furniture",VIGAN CITY,REGION I
1009993,INF-04-2025-00002,YES,YES,Antequera Central Elementary School,1 STOREY BUILDING,BOHOL,REGION VII
1010037,INF-11-2024-01597,NO,YES,Tabug ES,1STY2CL,BATAC CITY,REGION I
1010038,INF-11-2024-01629,NO,YES,Baay ES,1STY3CL,BATAC CITY,REGION I
1010039,INF-11-2024-00139,NO,YES,Baoa ES,Repair of Classrooms,BATAC CITY,REGION I
1010040,INF-11-2024-00323,NO,YES,Batac National High School,Repair of Classrooms,BATAC CITY,REGION I
1010042,INF-02-2024-00677,NO,YES,Benigno Macadaeg Mem. ES,Repair of Classrooms,BATAC CITY,REGION I
1010046,INF-11-2024-00203,NO,YES,Sumader ES,Repair of Classrooms,BATAC CITY,REGION I
1010093,INF-11-2024-00919,YES,YES,San Juan ES,"Repair and Rehabilitation of School Building, San Juan Elementary School, Santa Marcela, Apayao",APAYAO,CAR
1010098,INF-03-2024-00801,YES,NO,Alegria ES,"CONSTRUCTION OF ONE (1) STOREY - FOUR (4) CLASSROOMS SCHOOL BUILDING (WITH COMMON TOILET) WITH PROVISION OF RAINWATER COLLECTOR, SCHOOL FURNITURE, SOLAR PV ENERGY SYSTEM, AND WATER SYSTEM",SURIGAO CITY,CARAGA
1010100,INF-03-2024-00735,NO,YES,Caglayan ES,"CONSTRUCTION OF ONE (1) STOREY - TWO (2) CLASSROOMS SCHOOL BUILDING (WITH COMMON TOILET) WITH PROVISION OF SCHOOL FURNITURE, SOLAR PV ENERGY SYSTEM AND WATER SYSTEM",APAYAO,CAR
1010101,INF-03-2024-00720,NO,YES,Namaltugan ES,"CONSTRUCTION OF ONE (1) STOREY - TWO (2) CLASSROOMS SCHOOL BUILDING (WITH COMMON TOILET) WITH PROVISION OF SCHOOL FURNITURE, SOLAR PV ENERGY SYSTEM AND WATER SYSTEM",APAYAO,CAR
1052193,INF-10-2024-02298,YES,YES,Sani-Sani PS,,SURIGAO DEL NORTE,CARAGA
1055345,INF-09-2026-00001,YES,NO,Calfungal Elementary School,TEST PROJECT,SARANGANI,REGION XII
1055364,INF-05-2024-00097,NO,YES,Compostela Central Elementary School SPED Center,Conservation and Restoration of Gabaldon School Building,DAVAO DE ORO,REGION XI
1055440,INF-01-2024-00163,YES,NO,Cardona ES,1STY2CL,TARLAC,Region III
1055441,INF-01-2024-00613,YES,NO,San Agustin Kanluran ES,1STY2CL,BATANGAS CITY,REGION IV-A
1055442,INF-01-2024-01258,YES,NO,Barasoain Memorial Integrated School,3STY15CL,MALOLOS CITY,Region III
1055443,INF-01-2025-00066,YES,NO,Cristina David Pascual National High School,Construction of School Building,GAPAN CITY,Region III
1094189,INF-01-2019-00601,YES,NO,Ivana NHS,1STY2CL,BATANES,REGION II
1097476,INF-01-2024-01596,YES,NO,South Upi NHS,1STY4CL,MAGUINDANAO DEL SUR,BARMM
1097508,INF-01-2024-01635,YES,NO,Pinget Elementary School,3CL,BAGUIO CITY,CAR
1097543,INF-01-2024-01670,YES,NO,Demang Elementary School,1STY2CL,MT. PROVINCE,CAR
1097544,INF-01-2024-01671,YES,NO,Sacasacan Elementary School,Completion of 1STY2CL,MT. PROVINCE,CAR
1097546,INF-01-2024-00351,YES,YES,Lacnog Integrated School,1STY2CL,TABUK CITY,CAR
1097548,INF-01-2024-01674,YES,NO,Subait Elementary School,1STY2CL,AGUSAN DEL NORTE,CARAGA
1097562,INF-01-2024-01688,YES,NO,Jose T. Cuyos Sr. II Integrated School,1STY2CL,AGUSAN DEL SUR,CARAGA
1097613,INF-01-2024-01738,YES,NO,Tapian ES,1STY2CL,SURIGAO DEL NORTE,CARAGA
1097620,INF-01-2024-01744,YES,NO,Sangay Elementary School of Living Tradition,1STY3CL,SURIGAO DEL SUR,CARAGA
1097625,INF-01-2024-01749,YES,NO,Kinayan Elementary School,1STY3CL,SURIGAO DEL SUR,CARAGA
1097659,INF-01-2024-01781,YES,NO,San Roque ES,2STY2CL,MARIKINA CITY,NCR
1097671,INF-01-2024-01209,YES,NO,Apelo Cruz ES,4STY6CL,PASAY CITY,NCR
1097688,INF-01-2024-01810,YES,NO,Roberta de Jesus Elementary School,4STY8CL,VALENZUELA CITY,NCR
1097709,INF-01-2024-01832,YES,NO,Magsaysay National High School,2STY Workshop Building,GUIHULNGAN CITY,NIR
1097724,INF-01-2024-01847,YES,NO,Batea Elementary School,2STY4CL,NEGROS OCCIDENTAL,NIR
1097747,INF-01-2024-01871,YES,NO,Gil Montilla NHS - Manlucahoc Ext.,2STY4CL,SIPALAY CITY,NIR
1098151,INF-01-2024-00614,YES,YES,San Agustin Silangan ES,1STY2CL,BATANGAS CITY,Region IV-A
1098174,INF-01-2024-01298,YES,YES,Dasmariñas Integrated High School,4STY20CL,DASMARINAS CITY,Region IV-A
1098476,INF-01-2024-02595,YES,NO,Centro Integrated School,1STY3CL,MASBATE,Region V
1098479,INF-01-2024-02598,YES,NO,Julian V. Antonio Elementary School,2STY4CL,MASBATE CITY,Region V
1098965,INF-01-2024-01517,YES,YES,Vintar Integrated School,1STY3CL,VALENCIA CITY,Region X
1099307,INF-01-2025-00036,YES,NO,Mayan Elementary School,Construction of School Building,BATANES,Region II
1099308,INF-01-2025-00048,YES,NO,Itbud Integrated School,Construction of School Building,BATANES,Region II
1099354,INF-01-2025-00991,YES,NO,Papan ES,Construction of 1STY3CL,ISABELA,Region II
1099903,INF-06-2024-00185,YES,NO,Marcos Central School,Construction of 1 Storey Library Hub Building (22.50m x 9.50m),ILOCOS NORTE,REGION I
1099928,INF-06-2024-00125,YES,NO,Ayusan-Paoa Elementary School,Construction of 1 Storey Library Hub Building (22.50m x 9.50m),VIGAN CITY,REGION I
1100047,INF-12-2024-01002,YES,NO,Basco Central School,Energization of Electrical System (Underground System),BATANES,REGION II
1100185,INF-02-2024-00834,YES,NO,Baptista Village ES,Repair of Classrooms,SANTIAGO CITY,REGION II
1100192,INF-02-2024-00851,YES,NO,Patul Elementary School,Repair of Classrooms,SANTIAGO CITY,REGION II
1100196,INF-12-2024-00982,YES,NO,Baluarte ES,Electrification of Un-Energized Schools and Modernization of Electrical Systems of On-Grid Schools,SANTIAGO CITY,REGION II
1100198,INF-02-2024-00878,YES,NO,Calaocan ES,Repair of Classrooms,SANTIAGO CITY,REGION II
1100267,INF-06-2024-00192,YES,NO,San Ildefonso ES,Construction of 1 Storey Library Hub Building (22.50m x 9.50m),BULACAN,REGION III
1100345,INF-12-2024-00984,YES,NO,Sta. Maria Elementary School,Electrification of Un-Energized Schools and Modernization of Electrical Systems of On-Grid Schools,ZAMBALES,REGION III
1100350,INF-12-2024-00985,YES,NO,San Salvador Elementary School,Electrification of Un-Energized Schools and Modernization of Electrical Systems of On-Grid Schools,ZAMBALES,REGION III
1100352,INF-02-2024-00737,YES,NO,Dampay Elementary School,Repair of Classrooms,ZAMBALES,REGION III
1100353,INF-03-2024-00245,YES,NO,Manggahan Elementary School,"CONSTRUCTION OF SCHOOL BUILDING (WITH TOILET) WITH PROVISION OF RAINWATER COLLECTOR, SCHOOL FURNITURE, SOLAR PV ENERGY SYSTEM, WATER SYSTEM AND FLOOD MARKER",ZAMBALES,REGION III
1100355,INF-03-2024-00286,YES,NO,Buhawen Elementary School,"CONSTRUCTION OF SCHOOL BUILDING (WITH TOILET) WITH PROVISION OF RAINWATER COLLECTOR, SCHOOL FURNITURE, SOLAR PV ENERGY SYSTEM, WATER SYSTEM AND FLOOD MARKER",ZAMBALES,REGION III
1100383,INF-02-2024-00803,YES,NO,San Jose Del Monte Central School,Repair of Classrooms,CITY OF SAN JOSE DEL MONTE,REGION III
1100478,INF-05-2024-00118,YES,NO,"Sabang
Elementary School",Conservation and Restoration of Gabaldon School Building,DASMARINAS CITY,REGION IV-A
1100479,INF-12-2024-00941,YES,NO,V. P. Villanueva MS (Palapala),"Upgrading and Modernization
of Electrical System On-Grid",DASMARINAS CITY,REGION IV-A
1100480,INF-02-2024-00710,YES,NO,Bautista Elementary School,Repair of Classrooms,DASMARINAS CITY,REGION IV-A
1100481,INF-12-2024-00973,YES,NO,Dasmariñas II CS (Dasmariñas BBES B),"Upgrading and Modernization
of Electrical System On-Grid",DASMARINAS CITY,REGION IV-A
1100530,INF-06-2024-00148,YES,NO,San Juan CS (Kalayaan),Construction of 1 Storey Library Hub Building (22.50m x 9.50m),LAGUNA,REGION IV-A
1100639,INF-02-2024-00663,YES,NO,Parang Cueva ES,Repair of Classrooms,BATANGAS CITY,REGION IV-A
1100644,INF-12-2024-00934,YES,NO,Jose C. Pastor MES,Electrification of Un-Energized Schools and Modernization of Electrical System of On-Grid Schools,BATANGAS CITY,REGION IV-A
1100646,INF-02-2024-00002,YES,YES,Pinamukan ES,Repair of Classrooms,BATANGAS CITY,REGION IV-A
1100650,INF-12-2024-00965,YES,NO,Bulacnin ES,Upgrading of Electrical System,LIPA CITY,REGION IV-A
1101363,INF-12-2024-01035,YES,NO,Bogna Elementary School,Upgrading of Electrical System (Overhead System),LEGASPI CITY,REGION V
1101409,INF-02-2024-00907,YES,NO,Madalag ES,Repair / Rehabilitation of Classrooms,AKLAN,REGION VI
1101420,INF-03-2024-00316,YES,NO,Cogon Elementary School,"PROPOSED CONSTRUCTION OF ONE (1) STOREY - THREE (3) CLASSROOMS SCHOOL BUILDING (WITH COMMON TOILET) WITH PROVISION OF RAINWATER COLLECTOR, SCHOOL FURNITURE, SOLAR PV ENERGY SYSTEM, AND WATER SYSTEM",AKLAN,REGION VI
1101427,INF-02-2024-00884,YES,NO,Ochando ES,Repair of Classrooms,AKLAN,REGION VI
1101674,INF-06-2024-00176,YES,NO,Talaban ES,Construction of 1 Storey Library Hub Building (22.50m x 9.50m),HIMAMAYLAN CITY,NIR
1101715,INF-03-2024-00271,YES,NO,Hiyang-Hiyang ES,"CONSTRUCTION OF 1STY 5CL SCHOOL BUILDING (WITH TOILET) WITH PROVISION OF RAINWATER COLLECTOR, SCHOOL FURNITURE, SOLAR PV ENERGY SYSTEM, AND WATER SYSTEM with hauling cost",CADIZ CITY,NIR
1101729,INF-07-2024-00056,YES,NO,Venancio Alba ES,Proposed Repair/Conversion of SPED Centers Into Prototype Inclusive Learning Resource Center (3CL),ROXAS CITY,REGION VI
1101753,INF-06-2024-00131,YES,NO,Passi I Central School,Construction of 1 Storey Library Hub Building (22.50m x 9.50m),PASSI CITY,REGION VI
1101869,INF-06-2024-00112,YES,NO,Quinoguitan ES,Construction of 1 Storey Library Hub Building (22.50m x 9.50m),BOHOL,REGION VII
1102210,INF-12-2024-00810,YES,YES,Bongalonan Elementary School,Electrification of Un-Energized Schools and Modernization of Electrical Systems of On-Grid Schools,BAYAWAN CITY,NIR
1102228,INF-12-2024-01007,YES,NO,Bonbon ES,Off-grid (Solar PV Energy System),GUIHULNGAN CITY,NIR
1102230,INF-04-2024-00532,YES,NO,Hilaitan ES,Clinic & Watsan,GUIHULNGAN CITY,NIR
1102317,INF-12-2024-00804,YES,NO,Basac ES,Upgrading of Electrical System (Overhead System),SIQUIJOR,NIR
1102782,INF-02-2024-00657,YES,NO,Tambongan Elementary School,Repair of Classrooms,SAMAR (WESTERN SAMAR),REGION VIII
1102818,INF-03-2024-00257,YES,NO,Puhagan Elementary School,"CONSTRUCTION OF 1STY4CL (WITH TOILET) WITH PROVISION OF RAINWATER COLLECTOR, SCHOOL FURNITURE, SOLAR PV ENERGY SYSTEM, WATER SYSTEM AND FLOOD MARKER",SAMAR (WESTERN SAMAR),REGION VIII
1103346,INF-02-2024-00896,YES,NO,Catumbalon ES,Repair of Classrooms,VALENCIA CITY,REGION X
1103358,INF-04-2024-00528,YES,NO,Valencia City Central School,Construction/Repair of Health Facilities,VALENCIA CITY,REGION X
1103427,INF-06-2024-00164,YES,NO,Baliangao CS,Construction of 1 Storey Library Hub Building (22.50m x 9.50m),MISAMIS OCCIDENTAL,REGION X
1103428,INF-02-2024-00890,YES,NO,Lusot Elementary School,Repair / Rehabilitation of Classrooms,MISAMIS OCCIDENTAL,REGION X
1103520,INF-06-2024-00163,YES,NO,DALIPUGA CENTRAL SCHOOL,Construction of 1 Storey Library Hub Building (22.50m x 9.50m),ILIGAN CITY,REGION X
1103610,INF-11-2024-00823,YES,NO,Kaputian Central Elementary School,Repair of Classrooms,ISLAND GARDEN CITY OF SAMAL,REGION XI
1103611,INF-02-2025-00611,YES,NO,San Isidro Elementary School,Repair / Rehabilitation of Classrooms,ISLAND GARDEN CITY OF SAMAL,REGION XI
1103720,INF-12-2024-00757,YES,NO,Jose Porras ES,Upgrading of Electrical System (Overhead System),DAVAO CITY,REGION XI
1103723,INF-02-2024-00659,YES,NO,Alvar Elementary School,Repair of Classrooms,DAVAO ORIENTAL,REGION XI
1103797,INF-02-2024-00887,YES,NO,Malakeba Elementary School,Repair of Classrooms,DAVAO CITY,REGION XI
1104101,INF-12-2024-00978,YES,NO,Tacurong Pilot ES,Electrical Upgrading,TACURONG CITY,REGION XII
1104159,INF-02-2025-01029,YES,NO,East Bayugan CES,Repair / Rehabilitation of Classrooms,BAYUGAN CITY,CARAGA
1104209,INF-06-2024-00212,YES,NO,Patin-ay CES,Construction of 1 Storey Library Hub Building (22.50m x 9.50m) with 10KW Hybrid Solar Powered System,AGUSAN DEL SUR,CARAGA
1104318,INF-07-2024-00040,YES,NO,Mariano Espina Memorial Central Elementary School,Conversion of SPED Centers Into Prototype Inclusive Learning Resource Center,SURIGAO CITY,CARAGA
1104547,INF-03-2024-00336,YES,NO,SOTTO ELEMENTARY SCHOOL,"PROPOSED CONSTRUCTION OF ONE (1) STOREY - FOUR (4) CLASSROOMS SCHOOL BUILDING (WITH COMMON TOILET) WITH PROVISION OF RAINWATER COLLECTOR, SCHOOL FURNITURE, PERIMETER FENCE, SlOPE PROTECTION, SCHOOL GATE AND WATER SYSTEM",TABUK CITY,CAR
1104558,INF-06-2024-00182,YES,NO,Balawag Central School,Construction of 1 Storey Library Hub Building (22.50m x 9.50m),TABUK CITY,CAR
1104560,INF-02-2024-00846,YES,NO,Tuliao Elementary School,Repair of Classrooms,TABUK CITY,CAR
1104649,INF-04-2024-00383,YES,NO,Hen. Pio del Pilar ES Main,Repair of School Clinic,MAKATI CITY,NCR
1104699,INF-03-2024-00263,YES,NO,MAKAILAW ELEMENTARY SCHOOL,"CONSTRUCTION OF 2 UNITS 1ST-2CL SCHOOL BUILDING (WITH TOILET) WITH PROVISION OF RAINWATER COLLECTOR, SCHOOL FURNITURE, AND WATER SYSTEM",VALENCIA CITY,REGION X
1104972,INF-07-2024-00039,YES,NO,San Isidro Central School SPED Center,Conversion of SPED Centers Into Prototype Inclusive Learning Resource Center,DAVAO ORIENTAL,REGION XI
1105071,INF-03-2024-00346,YES,NO,BURAYUKAN ELEMENTARY SCHOOL,"PROPOSED CONSTRUCTION OF ONE (1) STOREY - FOUR (4) CLASSROOMS SCHOOL BUILDING (WITH COMMON TOILET) WITH PROVISION OF RAINWATER COLLECTOR, SCHOOL FURNITURE, PERIMETER FENCE, SlOPE PROTECTION, SCHOOL GATE AND WATER SYSTEM",TABUK CITY,CAR
1105223,INF-02-2024-00632,YES,NO,Ivana NHS,Repair of Classrooms,BATANES,REGION II
1105224,INF-11-2024-00638,YES,YES,Mahatao NHS,REPAIR OF CLASSROOMS,BATANES,REGION II
1105539,INF-01-2024-01289,YES,NO,Dasmarinas North National High School (Annex G),4STY16CL,DASMARINAS CITY,REGION IV-A
1105659,INF-04-2024-00542,YES,NO,Bolbok Integrated National High School,CONSTRUCTION OF SCHOOL CLINIC,LIPA CITY,REGION IV-A
1106171,INF-12-2024-00825,YES,NO,Julio Ledesma National High School,Upgrading of Electrical System,SAN CARLOS CITY,NIR
1106498,INF-02-2024-00842,YES,NO,Simeon Ocdol National High School,Repair / Rehabilitation of Classrooms,SAMAR (WESTERN SAMAR),REGION VIII
1106556,INF-02-2025-00860,YES,NO,Bolong NHS,Repair / Rehabilitation of Classrooms,ZAMBOANGA CITY,REGION IX
1106762,INF-04-2024-00521,YES,NO,Daniel R. Aguinaldo NHS,Construction of Health Facility with 2 units Comfort Rooms and 2 units Handwashing,DAVAO CITY,REGION XI
1107125,INF-04-2024-00484,YES,NO,Bamban National High School,Construction of School Clinic,ZAMBALES,REGION III
1107138,INF-02-2025-00669,YES,NO,Bantay National High School,Repair / Rehabilitation of Classrooms,TABUK CITY,CAR
1107641,INF-04-2024-00339,YES,NO,Buenos Aires Integrated School,Repair of 2-Seater CR,SAMAR (WESTERN SAMAR),REGION VIII
1107760,INF-12-2024-00783,YES,NO,Lavigan National High School,Energization of Electrical System (Overhead System),DAVAO ORIENTAL,REGION XI
1108196,INF-02-2024-00835,YES,NO,San Jose Integrated School,Repair of Classrooms,SANTIAGO CITY,REGION II
1108205,INF-01-2024-00765,YES,YES,Blanca-Aurora Integrated School,1STY3CL,SAMAR (WESTERN SAMAR),REGION VIII
1108213,INF-06-2024-00194,YES,NO,Quezon Integrated School,Construction of 1 Storey Library Hub Building (22.50m x 9.50m),NUEVA ECIJA,REGION III
1108214,INF-03-2024-00338,YES,NO,Minarog Integrated School,"CONSTRUCTION OF 1STY2CL & 1STY3CL (WITH TOILET) WITH PROVISION OF RAINWATER COLLECTOR, SCHOOL FURNITURE, SOLAR PV ENERGY SYSTEM, WATER SYSTEM AND FLOOD MARKER",SAMAR (WESTERN SAMAR),REGION VIII
1108250,INF-02-2025-00582,YES,NO,Gawidan Elementary School,Repair / Rehabilitation of Classrooms,TABUK CITY,CAR
1108268,INF-10-2017-01085,NO,YES,Aurora Nhs,CONSTRUCTION OF 1STY2CL AT AURORA NHS,AGUSAN DEL SUR,CARAGA
1108269,INF-01-2024-01677,NO,YES,Salug Nhs,CONSTRUCTION OF 1STY2CL AT SALUG NHS,AGUSAN DEL SUR,CARAGA
1108273,INF-10-2017-01079,NO,YES,Corpuz NHS,CONSTRUCTION OF 1STY2CL AT CORPUZ NHS,AGUSAN DEL SUR,CARAGA
1108277,INF-10-2017-01080,NO,YES,Nato National High School,CONSTRUCTION OF 1STY2CL AT NATO NHS,AGUSAN DEL SUR,CARAGA
1108292,INF-01-2016-04429,NO,YES,Cecilia Nhs,CONSTRUCTION OF 2STY6CL AT CECILIA NHS,AGUSAN DEL SUR,CARAGA
1108293,INF-10-2017-01001,NO,YES,Salvacion NHS,CONSTRUCTION OF SHS UNIQUE WORKSHOP (7X22.5) AT SALVACION NHS,AGUSAN DEL SUR,CARAGA
1108298,INF-10-2016-02707,NO,YES,Esperanza National High School,CONSTRUCTION OF 3STY15CL-2STY12CL-SHS UNIQUE WORKSHOP (7X22.5) AT ESPERANZA NHS,AGUSAN DEL SUR,CARAGA
1108299,INF-10-2016-02699,NO,YES,Bunawan National High School,CONSTRUCTION OF 3STY12CL-3STY6CL-SHS UNIQUE WORKSHOP (7X22.5) AT BUNAWAN NHS,AGUSAN DEL SUR,CARAGA
1108302,INF-01-2016-05345,NO,YES,West Prosperidad Nhs,CONSTRUCTION OF UNIQUE WORKSHOP (7X22.5) AT WEST PROSPERIDAD NHS,AGUSAN DEL SUR,CARAGA
1108306,INF-01-2015-05280,NO,YES,Anislagan NHS,CONSTRUCTION OF 2STY4CL AT ANISLAGAN NHS,AGUSAN DEL SUR,CARAGA
1108310,INF-10-2015-05925,NO,YES,Aurora NHS,CONSTRUCTION OF 1STY2CL AT AURORA NHS,AGUSAN DEL SUR,CARAGA
1108314,INF-01-2015-06437,NO,YES,Bayugan II National High School,CONSTRUCTION OF 1STY2CL AT BAYUGAN II NHS,AGUSAN DEL SUR,CARAGA
1108318,INF-01-2015-05288,NO,YES,Bayugan III NHS,CONSTRUCTION OF 2STY6CL AT BAYUGAN III NHS,AGUSAN DEL SUR,CARAGA
1108322,INF-01-2015-06458,NO,YES,Buena Suerte NHS,CONSTRUCTION OF 1STY2CL AT BUENASUERTE NHS,AGUSAN DEL SUR,CARAGA
1108326,INF-01-2015-05256,NO,YES,Guadalupe NHS,CONSTRUCTION OF 2STY6CL AT GUADALUPE NHS,AGUSAN DEL SUR,CARAGA
1108327,INF-01-2025-01797,YES,YES,Dr. Vicente F. Gustilo Memorial NHS,"CONSTRUCTION OF SCHOOL BUILDING DR. VICENTE F. GUSTILO MEMORIAL NATIONAL HIGH SCHOOL, BARANGAY ZONE II, CADIZ CITY, NEGROS OCCIDENTAL",CADIZ CITY,NIR
1108331,INF-01-2015-06444,NO,YES,Kapatungan NHS,CONSTRUCTION OF 1STY2CL AT KAPATUNGAN NHS,AGUSAN DEL SUR,CARAGA
1108334,INF-10-2015-06818,NO,YES,Kasapa NHS,CONSTRUCTION OF 1STY2CL AT KASAPA NHS,AGUSAN DEL SUR,CARAGA
1108337,INF-10-2015-06756,NO,YES,La Fortuna NHS,CONSTRUCTION OF 2STY6CL AT LA FORTUNA NHS,AGUSAN DEL SUR,CARAGA
1108342,INF-10-2015-06797,NO,YES,La Paz NHS,CONSTRUCTION OF 2UNITS-1STY3CL AT AURORA NHS,AGUSAN DEL SUR,CARAGA
1108346,INF-10-2015-05864,NO,YES,Laminga NHS,CONSTRUCTION OF 2UNITS-1STY3CL AT LAMINGA NHS,AGUSAN DEL SUR,CARAGA
1108349,INF-01-2015-05262,NO,YES,Libertad NHS,CONSTRUCTION OF 2STY6CL AT LIBERTAD NHS,AGUSAN DEL SUR,CARAGA
1108354,INF-10-2015-05926,NO,YES,Lucena NHS,CONSTRUCTION OF 2STY6CL AT LUCENA NHS,AGUSAN DEL SUR,CARAGA
1108355,INF-01-2026-00924,NO,YES,Mabusao Es,"Construction of two (2) Classrooms in Mabusao Elementary School, Barangay Mabusao, Ibajay, Aklan With Bundled School Furniture",AKLAN,REGION VI
1108356,INF-02-2024-01814,YES,YES,J. Hector Lacson Elementary School,Repair of Classrooms,TACURONG CITY,REGION XII
1108357,INF-02-2024-02024,YES,YES,San Rafael ES,Repair of Classrooms,TACURONG CITY,REGION XII
1108358,INF-02-2024-01904,YES,YES,Bagacay Elementary School,Repair of Classrooms,PASSI CITY,REGION VI
1108359,INF-02-2024-01966,YES,YES,BATU ELEMENTARY SCHOOL,Repair of Classrooms,PASSI CITY,REGION VI
1108360,INF-10-2018-01375,YES,YES,Efraim M. Santibanez National High School,,PASSI CITY,REGION VI
1108361,,NO,YES,Tigbinan National High School,Construction and Installation of Learning Continuity Spaces,Camarines Norte,Region V
1108362,,NO,YES,Sarah Jane Ferrer High School,Construction and Installation of Learning Continuity Spaces,Camarines Norte,Region V
1108363,,NO,YES,San Vicente Central School,Construction and Installation of Learning Continuity Spaces,Camarines Norte,Region V
1108364,,NO,YES,S. Delos Santos Elementary School,Construction and Installation of Learning Continuity Spaces,Camarines Norte,Region V
1108365,,NO,YES,Quinapaguian Elementary School,Construction and Installation of Learning Continuity Spaces,Camarines Norte,Region V
1108366,,NO,YES,Patag Ibaba Elementary School,Construction and Installation of Learning Continuity Spaces,Camarines Norte,Region V
1108367,,NO,YES,Sarah Jane Ferrer High School,Construction and Installation of Learning Continuity Spaces,Camarines Norte,Region V
1108368,,NO,YES,Mandazo Elementary School,Construction and Installation of Learning Continuity Spaces,Camarines Norte,Region V
1108369,,NO,YES,Larap Elementary School,Construction and Installation of Learning Continuity Spaces,Camarines Norte,Region V
1108370,,NO,YES,Calabaca Integrated School,Construction and Installation of Learning Continuity Spaces,Camarines Norte,Region V
1108371,,NO,YES,Colasi Integrated School,Construction and Installation of Learning Continuity Spaces,Camarines Norte,Region V
1108372,,NO,YES,Calabaca Integrated School,Construction and Installation of Learning Continuity Spaces,Camarines Norte,Region V
1108373,,NO,YES,Calabaca Integrated School,Construction and Installation of Learning Continuity Spaces,Camarines Norte,Region V
1108374,,NO,YES,Colasi Integrated School,Construction and Installation of Learning Continuity Spaces,Camarines Norte,Region V
1108375,,NO,YES,Calabaca Integrated School,Construction and Installation of Learning Continuity Spaces,Camarines Norte,Region V
